 <?xml version="1.0" encoding="gb2312"?>
<!DOCTYPE html PUBLIC "-//W3C//DTD XHTML 1.0 Transitional//EN"
"http://www.w3.org/TR/xhtml1/DTD/xhtml1-transitional.dtd">
<html xmlns="http://www.w3.org/1999/xhtml" xml:lang="en" lang="en">
<head>
<title>505 - HTTP Version Not Supported</title>
<script>
    var _hmt = _hmt || [];
    (function() {
        var hm = document.createElement("script");
        hm.src = "//hm.baidu.com/hm.js?7c9ab3742865045299b00ad8031a17e3";
        var s = document.getElementsByTagName("script")[0];
        s.parentNode.insertBefore(hm, s);
    })();
</script>
</head>
<body>
<h1>505 - HTTP Version Not Supported</h1>
</body>
</html>
